"b""The Senegalese\xc2\xa0forward, who won the Premier League golden boot this season with 22 goals, has repeatedly been linked with a move to Real Madrid as part of Zinedine Zidane's squad overhaul. https://t.co/CdKTbnrSsv https://t.co/plfij7k7tz"""
b'Verstappen-Leclerc &gt; Real Madrid-Barcelona'
b'\xe2\x80\x9cOne month in Real Madrid is like a year in any other club...\xe2\x80\x9d https://t.co/dO06ITsHZX'
b'Real Madrid reportedly make their first move for Ajax star. https://t.co/PzJcCoG9oB'
"b'@Kevin____Seo @Blaunc_ @R4HUL007 @utdreport @utdxtra @Sport_Witness Man said worse than Lukaku, pretty sure Ben Yedder bagged like 30 goals in 50 games last season, also scored against Barca, United and Real Madrid'"
b'@jamesdrodriguez Argentina was defeated one time only . Colombia won but there was not your contribution you are a player who is thrown by real Madrid in dusbin'
b'Real Madrid revive interest in Liverpool star Sadio Mane\n       \nhttps://t.co/AKekXMaRzh\n       #RMLive #HalaMadrid #RMLiveScores'
b'@Joe___________B @Ultra_Suristic And us real Madrid too lol'
"b""Which Club do you support?\n\nFind your fellow Club fans and let's follow each other!\n\nTurn friends or Lovers while you're at it!\n\nMine: Real Madrid \nFollow us @realmadrid\n\n\xe2\x9d\xa4\xe2\x9d\xa4\xe2\x9d\xa4\xe2\x9d\xa4\xe2\x9d\xa4\xe2\x9d\xa4"""
"b'[AS] Real Madrid will now target #thfc midfielder Christian Eriksen after growing tired of their pursuit of Paul Pogba, Madrid want to pay \xe2\x82\xac80m but Daniel Levy wants \xe2\x82\xac100m. https://t.co/XAxaqsmzGz'"
"b'Real Madrid are willing to loan out Dani Ceballos on a 2-year loan... @arsenal, come on! https://t.co/EyIrNdm0eg'"
"b'@norek_miller @PSG_English @neymarjr Mbappe for sure will win ballon d\xe2\x80\x99or but Ney is done for ballon d\xe2\x80\x99or because of his repetitive injuries. His best shot is with Real Madrid . If Ney is still serious with his career, Real Madrid is where he needs to go if he really want to leave PSG'"
b'Chelsea mistakenly announce the signing of Mateo Kovacic from Real Madrid on their mobile app https://t.co/1Fkf7EQIxF'
b'@FootbalIStuff Real Madrid really wants to rule the world...'
b'Real Madrid revive interest in Liverpool star Sadio\xc2\xa0Mane https://t.co/wvbe9fOurh'
b'3D @of the @realmadrid \xe2\x99\xa5\nhttps://t.co/GhAPfqdgna'
b'Real Madrid are interested in signing Liverpool winger Sadio Mane.\n\nLos Blancos are reportedly lining up a swap deal involving Marco Asensio for the Senegalese international. Real are thought to be long-term admirers of the 27-year-old. (Express)'
b'Real Madrid revive interest in Liverpool star Sadio Mane https://t.co/VQpfIMgeF3 https://t.co/u7nyRAG0tS'
b'#thfc are primed to sign Real Madrid midfielder Dani Ceballos who they see as an ideal replacement for Christian Eriksen | @Sport_Mediaset'
b'@30SecFights That guy didnt punch them for no reason! Those guys had real madrid clothes they deserved to be punched \xf0\x9f\xa4\xa3'
"b'6. Malcom, \xc2\xa336.5m (Bordeaux to Barcelona)\n5. Alex Teixeira, \xc2\xa338.5m (Shakhtar Donetsk to Jiangsu Suning)\n4. Vinicius Junior, \xc2\xa338.7m (Flamengo to Real Madrid)\n3. Rodrygo, \xc2\xa340m (Santos to Real Madrid)\n2. Aaron Wan-Bissaka, \xc2\xa350m (Crystal Palace to Manchester United)'"
"b""'He p*ssed on it': Former Ajax &amp; Real Madrid star Sneijder accused of damaging car https://t.co/pKLOCt9Jut https://t.co/jSlkJ0u4GC"""
"b""@StudsUpReport I see him being best suited at Real Madrid. He would actually start to shine more there due to the talent around him like he had with France's WC winning side. He doesn't have that talent around him at United and it shows how much of a different player he is."""
b'@UtdExcellence Next summer Sancho will end up at either Real Madrid or Barca is he keeps Improving. No way we have a clear run at him.'
b'@beINSPORTS Haaa suarez you are laughed real Madrid in last uefa champions league now you lost'
b'@david_varley There the Real Madrid'
b'Zinedine Zidane has agreed with Real Madrid to move for Christian Eriksen having grown tired of their pursuit of Paul Pogba.\n\nLos Blancos hope to sign the midfielder before July 8 and have already been in negotiations with #thfc | @BernabeuDgt https://t.co/qqfOeYPK0z'
"b'@PSG_English @neymarjr Please speak Ney. We want to find out the truth about what you like to do. Even we love you to stay in PSG but if it is against your will , you better leave. But if you want to leave, go to Real Madrid, it\xe2\x80\x99s for the good of your career if you are still serious about it.'"
b'Daily Mail: Real Madrid revive interest in Liverpool star Sadio Mane https://t.co/if5nfz3tlw #lfc #ynwa https://t.co/bv3pkEcb4c'
b'Liverpool will be offered Marco Asensio as Real Madrid eye a mega Sadio Mane swap deal. https://t.co/0Ck9SN0I2b'
"b'@PSG_English @neymarjr I love to see Isco,Modric and Navas in PSG in exchange for Ney with Real Madrid. Ney, i am a fan of yours. Don\xe2\x80\x99t go to Barca if you are still serious with your career. Playing beside Messi is not good for your career unless you will accept that you are done with your career.'"
b'@miseleccionmxEN @yosoy8a @yosoy8a  you should have been at REAL Madrid years ago ! Best of the best \xf0\x9f\xa5\x87'
b'Chelsea #mistakenly announce the signing of Mateo Kovacic from Real Madrid on their mobile app\n#realmadrid \xf0\x9f\x87\xaa\xf0\x9f\x87\xb8 #LaLiga \nhttps://t.co/UvWMfFimjO'
b'Yeah I remember Sturridge hustling and giving his all every game and he played with so much passion for klopp \n\nWhen he turned down those offers from Barca and Madrid I couldn\xe2\x80\x99t believe it such loyalty \n\nLmao get real kid Sturridge is the worst one on this list and no one wanted https://t.co/Wvgufe5jYo'
b'@StudsUpReport Pogba has been chased by Real Madrid (many rumors out of Spain stating Madrid club are wanting to add him to their recent signings) and rumors that Sarri wants him to join him in Juve. Only two places that can really afford him.'
"b'I\xe2\x80\x99m strictly a Manchester City &amp; Real Madrid fan, but this move has me hyped! https://t.co/eAeDLP1wDq'"
b'So nobody wants to get me this seasons Real Madrid jersey? \xf0\x9f\x92\x94 Komatu time time timakhala ndi ma tweets abho to keep you smiling \xf0\x9f\x98\xaa'
b'Real #Madrid to include Takefusa Kubo in pre-season\n#realmadrid \xf0\x9f\x87\xaa\xf0\x9f\x87\xb8 #LaLiga \nhttps://t.co/hyuPwZpbG7'
"b'Robertson goes to Real Madrid for \xc2\xa380,000,000! Farewell Andy \xe2\x99\xa5\xef\xb8\x8f'"
"b'So basically ManCity FC, City Group, New York Yankees, NYC FC, Newcastle United FC. Real Madrid as a ""partner in crime"".\nI wonder who Leeds is going to hire. Now as they are Qatari-owned. Must be someone of the kinds of Gerrard or Beckham (is busy) or Lampard. https://t.co/rLd0ztEQnH'"
"b'The signing of Eder Militao from Porto could restrict Real Madrid opportunities for Jesus Vallejo, but he does not want to leave the club. https://t.co/yPQtfW4jWo'"
"b'[@TimesSport] | Tottenham Hotspur playmaker Christian Eriksen has been house-hunting in Madrid ahead of a potential switch to Real Madrid.\n\nThe Denmark international\xe2\x80\x99s family members have been looking for a house in Madrid, with the player keen to move on from Spurs.\n\n#THFC #COYS https://t.co/20nIssH7L2'"
b'@DeadlineDayLive Liverpool will be offered Marco Asensio by Real Madrid in swap for Nathaniel Clyne'
b'@realmadridfemin @Akhilrmcf the team wont be called real madrid this season?'
"b'@OhCrapItsNico @Footy_Headlines Real Madrid kits are nice, Tottenham kits are just plain or weird to me'"
b'Transfer: Real Madrid offers Liverpool Asensio in swap deal for\xc2\xa0Mane https://t.co/iXOMgAodve https://t.co/KveCnI38Ta'
"b""Pep said his most difficult opponents are Luis Enrique's Barca and Liverpool.\n\nSo basically Messi and Klopp\n\nLol. Not Ronaldo or Mourinho/Real Madrid.\n\nKlopp lives in his head rent Free."""
b'Whoops! https://t.co/xOslPhe0mp'
"b""I really pity my team too @ManUtd. I think Barcelona understand how competitive football business has become and they don't want to take any chance, same as Real Madrid. There is something wrong with some teams in England. https://t.co/klqdEvyemI"""
b'The latest home and away kits of Real Madrid are \xf0\x9f\x94\xa5\xf0\x9f\x92\xaf'
b'@ConorCheyne @CaptainGranit34 @StandForCeltic @ZR_7G1 Someone jealous? You think Barcelona and Real Madrid\xe2\x80\x99s stadiums are filled with die hard fans? Get a grip boyo.'
"b'@cmfranchie @s2ksupercharger @SC_SuperDAD @SC05121 @Yankees @CH14_ @LuisCessaMx @TorresGleyber Football is the biggest sport in the world by a million miles, the lesser know players are more famous then any NFL or MLB player ever, only Bryant, Lebron, Curry, Jordan are more famous then some of the players that have played for Arsenal, Real Madrid, Manchester United etc'"
"b""#RealMadrid to include new signing Takefusa Kubo on pre-season tour with club 'extremely excited' by his potential https://t.co/taeBynJjEe https://t.co/udfYmwczK3"""
"b'Transfer news LIVE: Man Utd transfer plans revealed, Zaha will cost Arsenal \xc2\xa3100m, Spurs offer Eriksen https://t.co/ASOzIl7wNS https://t.co/hRm2P56sX6'"
"b'The new Real Madrid home shirt, with its golden trim, appears to strongly resemble one they wore in 2011/12. Inspired by glory, created to demand it. https://t.co/f2eGpYL5PS'"
"b'\xf0\x9f\x9a\xa8 Comunicado Oficial \xf0\x9f\x9a\xa8 \nReal Madrid 19/20 Home kit available now \xe2\x9a\xaa\xef\xb8\x8f\xe2\x9a\xaa\xef\xb8\x8f\n\n#HalaMadrid #DareToCreate \n\nThis jersey demands glory, it\xe2\x80\x99s on us to deliver it. \n\nDM to purchase \n\xf0\x9f\x9a\x9aDelivery Nationwide https://t.co/NIysyZObcP'"
b'Tottenham have also demanded at least 70 million euros for Christian Eriksen. Real Madrid will be keen to land him if they fail to sign Paul Pogba. [Marca]\n\n#laliga #realmadrid #tottenham #thfc #transfernews #football #transfer'
b'@fadilaa_h You\xe2\x80\x99ll be welcome if you switch to Real Madrid \xf0\x9f\x94\xa5'
"b""Real Madrid's plan for next season is to keep the same coach as last year, David Aznar ( @daznar1980 ). In addition of being the coach to the first team, he is also the technical director of the club ( CD Tac\xc3\xb3n ). He has a degree in Physical Activity and Sports Science. https://t.co/B96iVgeTaD"""
b'Chelsea accidentally confirm permanent signing of 25-year-old midfielder\n\nChelsea have accidentally confirmed that the permanent signing of Real Madrid midfielder Mateo Kovacic through the official club app. https://t.co/vLZRXitFOU'
b'@otibfanzine We should buy de Tomas from Real Madrid. Pay around \xc2\xa312 million and he is still young'
b'Chelsea mistakenly announce the signing of Mateo Kovacic from Real Madrid on their mobile app https://t.co/n3pxkeiOiN'
b'Read my Jun 30 Newsletter featuring \xe2\x80\x9cReal Madrid Away Kit | Official Real Madrid Store\xe2\x80\x9d https://t.co/poQQAU9msO'
b'Real Madrid working out who to sell to be able to afford Pogba https://t.co/Sq3hlC0qcy'
b'Zidane is preparing a special program at Real Madrid to equip Asencio https://t.co/HUpGJaU1B0 https://t.co/b4qpprs259'
"b'KEEP YOUR MONEY!! Mbappe Snubs PSG New Deal, Wants Move To Real\xc2\xa0Madrid https://t.co/kvVZsk2u0a https://t.co/LTtd7cFGfU'"
b'Kylian Mbappe: Real Madrid target will NOT sign new contract at Parc des Princes https://t.co/aUsOAHZleb'
b'Manchester United transfer news: Paul Pogba will \xe2\x80\x98beg\xe2\x80\x99 Ole Gunnar Solskjaer to let him join Real Madrid https://t.co/Gr3NhlBEMZ'
b'@barcacentre If there is something that im jealouos of from Real Madrid is their ability to sell shit players for amazing prices.. They sell players to direct rivals atl madrid for 50M and we sell D.Suarez for 15M.. Worst club at selling players.'
"b'Ceballos would be loaned to Milan for 2 years for around \xe2\x82\xac8M. Milan would also have included a buyout option in the contract for around \xe2\x82\xac35M.\n\nHowever, the last word will belong to Real Madrid, which obligatory wants to include a buy-back option for \xe2\x82\xac40M. @Sport_Mediaset'"
b'Liverpool will be offered Marco Asensio as Real Madrid eye a mega Sadio Mane swap deal.'
"b'@WigNWaggleBBall Anyway I understand that by personal reasons he want to go back to Spain but... doing it to Bar\xc3\xa7a is a high treason movement due to he was formed in Real Madrid and we always treated him as one of us,one of the best,highly supported'"
b'@esplaynFC @AFCWilsy 8 seasons ? Why do you care what he did at Real Madrid ??? \n\nArsenal fan or \xc3\x96zil Fan ! \n\nBeen in decline for years ! There is a reason Real sold him and why not one offer has come in for him ??'
b'El once con m\xc3\xa1s valor de mercado:\n\n4\xef\xb8\x8f\xe2\x83\xa3 Liverpool\n2\xef\xb8\x8f\xe2\x83\xa3 PSG\n1\xef\xb8\x8f\xe2\x83\xa3 Real Madrid\n1\xef\xb8\x8f\xe2\x83\xa3 FC Barcelona\n1\xef\xb8\x8f\xe2\x83\xa3 Manchester United\n1\xef\xb8\x8f\xe2\x83\xa3 Manchester City\n1\xef\xb8\x8f\xe2\x83\xa3 Chelsea\n\n\xc2\xbfQu\xc3\xa9 os parece? https://t.co/hRdOzbJVwj'
b'@SMFutboI Real Madrid 2011-2012 best team ever still.'
"b""Which Team is the GREATEST in Champions League History? Rank them!\n\nReal Madrid 1956-60: the European pioneers\n\nAjax 1971-73: the kings of total football\n\nAC Milan 1988-90: Sacchi's game-changers\n\nBarcelona 2008-12: Guardiola's greatest\n\nReal Madrid 2016-18: the Kings of Europe https://t.co/DicPE1dM5d"""
b'Chelsea mistakenly announce the signing of Mateo Kovacic from Real Madrid on their mobile app https://t.co/CYrCwiBMFd #FOOTBALL https://t.co/IywgyzBsn0'
b'@goal Eden Hazard to Real Madrid'
b'@M_Cityy @ManCityKD I never implied that he did?\nI said the supercup was a major competition that even the likes of Real Madrid see as a major trophy. You said Real don\xe2\x80\x99t play in the supercup but the Supercopa de Espa\xc3\xb1a. \nI replied saying Real actually do play in the supercup and have done in MANY'
"b""@PotentialLover @Sonjoe_Kutuh You wanna be glo ambassador but you wearing Real Madrid jersey \xf0\x9f\x98\x8e we don't do it like that"""
b'@EricNjiiru What about real Madrid hahaha'
b'Liverpool will be offered Marco Asensio as Real Madrid eye a mega Sadio Mane swap deal.\n\n(\xf0\x9f\x93\x9d The Express) https://t.co/KzoMKnuy8H'
b'@FootyAccums Pepe by far.. \n\nhttps://t.co/VOTSnpLI0f'
b'@PotentialLover Real Madrid in GLO!? Is the rhythm d same ? \xf0\x9f\x99\x84\nI think  you have been evicted already self abeg\xf0\x9f\xa4\x93'
b'Real Madrid reportedly knocking on the door of #LFC to swap Asensio for Money-Man\xc3\xa9.'
b'@goal Hazard to Real Madrid'
b'#ComedyRumours\n\nReal Madrid could offer Marco Asensio in a stunning swap deal to sign Liverpool star Sadio Mane (Source - Express) #LFC https://t.co/9x3bUTZ1jk'
"b'Liverpool transfer news LIVE - Bruno Fernandes decision made, Real Madrid offer Marco Asensio, Marko Grujic to depart\n\nhttps://t.co/StwqxxoWt4'"
"b'Liverpool FC news and transfers LIVE - Latest on Bruno Fernandes as Real Madrid offer Marco Asensio and Marko Grujic to depart: The latest news, views and opinion from Anfield https://t.co/yOMiAyO2bK https://t.co/VSOQ5Xek0z'"
"b""@madrid_nerea \xf0\x9f\x98\x86\xf0\x9f\x98\x86\xf0\x9f\x98\x86\nIt's a joke based in a real near future. Because we use to be stupid on the internet"""
b'Manchester United reputation going down the drain \xf0\x9f\x98\xa2 join real madrid we will make you happy https://t.co/ory8bJTbcB'
"b'Transfer news LIVE: Arsenal, Liverpool, Man Utd, Spurs, Real Madrid and rest - deals and signings https://t.co/t3vyooePdZ https://t.co/g5Tw9bE0rm'"
"b'@C_h_r_i_s_H_1 @TrentRole66 Fans massively respectful to Spurs fans in Madrid real bond made. ( both pre and post game) Just don\xe2\x80\x99t be so high minded if we had lost,the videos of our unused but decorated bus would not have been off the net. Wait till you win it you will be as unbearable as us. I\xe2\x80\x99ll wait.'"
b'Chelsea mistakenly announce the signing of Mateo Kovacic from Real Madrid on their mobile\xc2\xa0app https://t.co/iygB7inMNB https://t.co/jSizj483B3'
b'@realmadriden Bale staying by REAL Madrid??????????'
"b""Transfer news LIVE: Man Utd's third signing, Neymar to Barcelona, Liverpool Asensio deal https://t.co/3VdFUkXXpr"""
"b'TRANSFER NEWS LIVE - latest news and gossip as Manchester United look for their next signing, Barcelona consider a move for Neymar and Liverpool have a big swap deal to work out. https://t.co/EWI2YqLDo7'"
b'@PotentialLover @Sonjoe_Kutuh Ambassador of glo? Then what happens to Real Madrid then ?'
"b'Real Madrid have made an offer to Donny van de Beek, as they continue to weight up various midfield options. The midfielder has discussed about the club in depth with Wesley Sneijder. [AS]'"
b'@SkyFootball @SkySportsPL Only knows how to score Real Madrid from the spot ?'
b'@talkSPORT Tell his agent to sort Real Madrid out. Otherwise stfu and play. If he refuses send him to the reserves and cut his pay significantly. We will see if Real will want him after a year.'
b'@asensiones I\xe2\x80\x99m very optimistic about his chances. He wants to play for Real Madrid and won\xe2\x80\x99t sign a new deal with PSG. He will be ours next season.'
"b""'He p*ssed on it' - Former Ajax &amp; Real Madrid star Sneijder accused of damaging car https://t.co/g4hkrmvJEc #FOOTBALL https://t.co/AcEV4U10ZN"""
"b""Jesus Vallejo on Real Madrids new women team via EL Bernabeu: I like the idea a lot. I like that women's football is taking more and more weight and what a better way than a club as big as Real Madrid getting a female team in their ranks. https://t.co/QztFkmPx9I"""
b'Daniel Levy has offered Christian Eriksen to Real Madrid who is refusing to extend his Spurs contract beyond summer 2020. (Source - Marca) https://t.co/GSOz8AjqKl'
"b'@MaryamSara88 They beat a starting 11 from\nBarcelona, PSG, Atletico Madrid, Real Madrid, Juventus, Boca Juniors, Flamengo, Penarol and Galatasaray!  \n\nThis was a huge victory.'"
"b'Transfer news LIVE: Wilfried Zaha will cost Arsenal \xc2\xa3100million, Levy contacts Real Madrid\xe2\x80\xa6 https://t.co/fbN3Ec1y8e'"
b'Real Madrid legend sends ominous transfer warning to Man Utd over Paul Pogba deal https://t.co/cI9EDxat5G  #paul #pogba'
b'Napoli are optimistic of beating Atletico to the signing of James Rodriguez \nhttps://t.co/j1iHYsrIfW'
b'Luka Doncic about to resign for Real Madrid at like 7/$300 mil if this continues'
"b""@FrenkieSeason @Ultra_Suristic did I ever said that? Nope. I just said we fucked up in the last 10 years but still are miles ahead of you. And don't get angry just becausw Barca has pretty much no history compared to Real Madrid.\nBut yeah, not surprised you're an Indian Barca fan."""
"b""Limerick should defo have played Real Madrid here (not at hurling ... altho I'd still have enjoyed watching that)."""
"b'Switch information LIVE: Arsenal, Liverpool, Man Utd, Spurs, Real Madrid and relaxation  \xe2\x80\x93 offers and signings https://t.co/46yhth0d84 #treading #music #fun #news #google #breaking #twitter #free #transfer #latest #politics #wow #hiphop #sport #Manchester #ManUtd #ManU'"
"b'@talkSPORT Not that simple hes under contract unless someone got 150m he cant go anywhere .  Player exchange I mean who would you want from real Madrid,? Varane ,arsenio maybe the rest are 30years old and seen better days .'"
b'METRO Chelsea mistakenly announce the signing of Mateo Kovacic from Real Madrid on their mobile app https://t.co/Mia5akNCl9'
b'@JemGuru \xf0\x9f\x87\xa9\xf0\x9f\x87\xaa with Real Madrid:\n159 games\n27 goals (0.17)\n80 assists (0.50)\n107 goals + assists (0.67)\n\n\xf0\x9f\x87\xaa\xf0\x9f\x87\xb8 with Manchester City:\n396 games\n71 goals (0.18)\n129 assists (0.33)\n200 goals + assists (0.51)'
b'@goal Did you guys heard about curtois of Real Madrid that conceded about 50 goals this season? \xf0\x9f\xa4\x94'
"b'Ainoa Campo: \n\xe2\x80\x9cAlthough this year we won\xe2\x80\x99t be called Real Madrid, I am very happy and excited, since training and playing in facilities such as Valdebebas (Real Madrids sport city) is a privilege. I am sure it will be a beautiful season\xe2\x80\x9d https://t.co/VfyjzwckSV'"
"b'Transfer: Real Madrid offers Liverpool Asensio in swap deal for Mane,,https://t.co/iuKcJf6tFR'"
b'We proceed to the next round with solid perforce vs Everton and Real Madrid'
"b'@English_AS Madrid has a lot of offensive, creative midfielders. James, Isco, Modric, Kroos, Asensio, Ceballos or even Hazard can play on Van de Beek position. Real should focus on bringing a defensive midfielder to fight for place in squad with Casemiro especially nie Llorente is gone... \xf0\x9f\x98\x9e'"
b'@DamaskusTiger92 iam ISCO\xe2\x9a\xbd\xef\xb8\x8f Real madrid'
"b'@AFTVMedia \xc3\x96zil at Real Madrid can not be compared to \xc3\x96zil at Arsenal, feeding Ronaldo vs feeding Giroud.. if \xc3\x96zil didn\xe2\x80\x99t get 20 assist a season with Ronaldo then he might as well quit..'"
"b'Didn\'t Goran once say - ""It\'s my dream to coach Novak. It\'d be like being a manager of Real Madrid."" \xf0\x9f\x91\x8d'"
b'Idk why Real Madrid fans are following me. For your kind info I hate Real Madrid from the bottom of my heart.'
"b'You out of all people saying that? A staunch Real Madrid fan? Aowa, abuti. https://t.co/leAUrfLBq1'"
"b""@Elias0177 @Pure_Whites_ @totalBarca It's not deep for me because Vazquez hasn't done any damage to my club, Barcelona. Suarez has scored 12 goals against Real Madrid, so it's pretty fucking deep for you, isn't it?"""
b'Manchester United/Manchester City\nPortland Timbers/Seattle Sounders\nReal Madrid/Barcelona https://t.co/92h0prNAs5'
"b""'He p*ssed on it' - Former Ajax &amp; Real Madrid star Sneijder accused of damaging car https://t.co/siaSLg1VBm"""
"b'If Keylor and Courtois remain at Real Madrid, Zidane will be forced to pick his first choice stopper. And his decision could against that of the club, who prefer the Belgian.'"
"b""Ainoa Campo on her move : Although this year we are not going to call Real Madrid, I am very happy and excited, since training and playing in facilities like Valdebebas (a sports city of Real Madrid) is a privilege. I'm sure it will be a beautiful season"""
"b'Transfer news and football gossip: Zaha Arsenal move latest, Levy contacts Real Madrid over Eriksen, Man - https://t.co/BT5BDirXro https://t.co/M8l22Q2FOK'"
"b""Real Madrid have made an offer to Donny Van de Beek. The Dutchman has also already had eight offers from top European clubs. However, Van de Beek and his entourage have reservations about a move to Madrid because it's not clear he would be a guaranteed starter. (@diarioas)\n\n#RMCF"""
"b'Transfer news LIVE: Arsenal, Liverpool, Man Utd, Spurs, Real Madrid and rest  - deals and signings https://t.co/xDDhqUWgQ3'"
b'@DoctorBenjy Man Utd / Real Madrid Rebuild?'
b'Kylian Mbappe: Real Madrid target will NOT sign new contract at Parc des Princes https://t.co/QbOZy2F9tj'
b'Manchester United transfer news: Paul Pogba will \xe2\x80\x98beg\xe2\x80\x99 Ole Gunnar Solskjaer to let him join Real Madrid https://t.co/typHEItLcw'
b'Kylian Mbappe ready for Real Madrid move https://t.co/HlZp0GyfFZ'
b'@brfootball These pictures alone show just how serious and hungry Real Madrid are about winning trophies and maintaining the legacy. \xf0\x9f\x91\x8dOther teams should take note and learn.'
"b'Makelele on what Real Madrid mean to him: ""A club that has given me many things, and not only in football, also as a person. For me it is the best club in the world. It is a unique club in everything. That is known not only in Spain, but also around the world."" [marca]'"
"b'Ainoa Campo Franco ( @ainoacampo ): Is a 23year old midfielder. She has a long career in football, after passing through teams like Rayo Vallecano and Atelico Madrid she now joined CD Tacon (Real Madrid). The number she wears is still unknown https://t.co/stwP1EL4oR'"
b'#thfc are determined to get \xe2\x82\xac100M for Christian Eriksen should he leave the club this summer. Real Madrid executives have the Dane as their preferred midfield target. [AS]'
"b""Real Madrid gave Bale an ultimatum. Either he will work on the issue of his departure from the club, or he will spend the whole year in the stands. Zidane doesn't count on him &amp; doesn't intend to use it him the upcoming season. @sport"""
"b'@HarryScousser @LomasTay @AZMIH_Rosen @LivEchoLFC @LFC Irellavent how many trophies we have won in the last 10 years, what matters is right now, current european champion, something that mbappe has a got good chance of being at liverpool or real madrid in the near future'"
b'Real #Madrid make an offer for Van de Beek\n#realmadrid \xf0\x9f\x87\xaa\xf0\x9f\x87\xb8 #LaLiga \nhttps://t.co/oUCnSjo1OL'
"b'If Real Madrid do want Eriksen, Spurs would be insane to not try and get Ceballos as part of any deal.'"
"b""BBC News - 'Madrid Central' protest: Thousands oppose suspension of anti-pollution plan https://t.co/4rTFFRqMVd Europe Hot as Hell ( some say), and #ClimateCrisis feels real!"""
"b""#Portugal #Futbol 'He p*ssed on it' - Former Ajax &amp; Real Madrid star Sneijder accused of damaging car https://t.co/Q2LOVu3ejF"""
b'\xf0\x9f\x9a\xa8OFFICIAL: Ainoa Campo ( @ainoacampo ) signs with Real Madrid!!! https://t.co/WCuxl3lfKD'
b'Real Madrid make an offer to Van de Beek: https://t.co/X1WeOVkGdG https://t.co/d51fAI9Rd1'
"b'Transfer news and football gossip: Zaha Arsenal move latest, Levy contacts Real Madrid over Eriksen, Man - https://t.co/MXTs0zz2Rp https://t.co/1SjlQvw7QS'"
b'@PotentialLover @Jnr_elnino Yea even real Madrid'
b'Everton told to pay \xc2\xa315m if they want to land Lucas Ocampos https://t.co/8clP0GnFJe #EFC https://t.co/o6g17KGehz'
b'@KeithLFC6Times @davys_locker @ryanw2345 Also did Real Madrid win there league the season before they beat us in the final'
b'The France international has voiced his desire to leave Manchester United this summer amid interest from Real Madrid\n\nhttps://t.co/Fys9kOP7fQ'
b'Southampton prepare \xc2\xa316m Che Adams bid https://t.co/8clP0GnFJe #SaintsFC https://t.co/uKfiNymMTU'
"b""Paul Pogba 'will ask Ole Gunnar Solskjaer to let him leave Manchester United' as Real Madrid and Juventus show their interest in the French star\nvia https://t.co/Gqg8z2YBuA https://t.co/kzUGm28aGE"""
b'@ZackMcGuire4 dont get me wrong im not a salah hatter at all all i no is he wants out {real madrid}'
b'Manchester United line up move for \xc2\xa350m-rated John McGinn... https://t.co/8clP0GnFJe #MUFC #AVFC https://t.co/tuSSc8eAOh'
b'@PauloChichon @Squawka Real Madrid have featured on the last two episodes.\n\nJames and Bale on this one - https://t.co/e6XVqjjBDm\n\nReal midfielders discussed alongside Pogba - https://t.co/hY2xbyb6ly'
b'@juventusfc u will sign POGBA \xf0\x9f\x98\xa0 leave him for real Madrid'
"b'Makelele on what Real Madrid mean to him: ""A club that has given me many things, and not only in football, also as a person. For me it is the best club in the world. It is a unique club in everything. That is known not only in Spain, but also around the world."" [marca] https://t.co/8TZ5BKBDwl'"
"b'@avatar122333 @XTigerHyperX @FortniteGame Arsenal is an English football (soccer) team and Real Madrid is, of course, another team.'"
"b'Neymar is rumoured to want to sign for Real Madrid, with a fee being agreed around \xc2\xa332m. (The Sun)'"
"b'If Pogba wants to go this badly, surely #MUFC should just let him leave? \xf0\x9f\xa4\x94\n\nhttps://t.co/m0TksxlqeG'"
"b'Liverpool want Asensio, and Real Madrid are asking for Man\xc3\xa9 to be included in the deal'"
b'Mail Online believe Tottenham have offered Eriksen to Real Madrid so they can free up some funds. Fees to be around 63M!'
"b'Would you rather JWH pull a United, Barca or Real Madrid whose owners have shit the bed and are now 100% known to be desperate for big signings? Leverage is fully in Edwards favor at this point to make whatever signings we want to make. https://t.co/UBvkjP2ZJd'"
b'@oosare @Onahi_ Yeah Vidic and Rio were key. Smalling was key in 10/11 season especially when Rio was injured. \n\nJones was missed in the 2nd leg against Real Madrid in 12/13 season after a masterclass in Bernabeau. \n\nBoth of them were primed for good future but God knows what happened.'
b'Reports claim Wesley Sneijder was arrested over the incident\n\nhttps://t.co/BKQtmWC7wR'
"b'@Fear_Bavaria While I would still (try) and argue that moving to Bayern could help his image,. Look how long hazard waited for Madrid. No doubt that the obvious next step for him is real or Barca.\nI\xe2\x80\x99m pretty sure he\xe2\x80\x99s thinking Manchester-&gt; Madrid-&gt; baloon dor..\nIMO no chance for him anymore'"
"b""'He p*ssed on it' - Former Ajax &amp; Real Madrid star Sneijder accused of damaging car https://t.co/mfKpw7X1jd https://t.co/0gzSAmnb66"""
"b""Naples are optimistic they'll sign Real Madrid's James\xc2\xa0Rodriguez https://t.co/B4vwM3U0Je https://t.co/BtJPyNw14V"""
"b'Zaha Arsenal move latest, Levy contacts Real Madrid over Eriksen, Man United to add more \xe2\x80\x98exciting\xe2\x80\x99 players https://t.co/Oo0BN50sWx https://t.co/y8QfZ9ZaWQ'"
"b'Independent Transfer news LIVE: Man Utd transfer plans revealed, Zaha will cost Arsenal \xc2\xa3100m, Spurs offer Eriksen https://t.co/YUO6BmDUck'"
b'Real Madrid is back back.'
b'Real Madrid turned into a joke club when Ngolo Kante scored an own goal and scored an own goal while playing striker https://t.co/jtYun4cYI2'
b'Real Madrid\xc2\xa0remain in the hunt to sign\xc2\xa0Liverpool\xc2\xa0star\xc2\xa0Sadio Mane\xc2\xa0and are ready to offer\xc2\xa0Marco Asensio\xc2\xa0as part of a swap deal\xf0\x9f\x94\xb4\xf0\x9f\x94\xb4\xf0\x9f\x94\xb4\xf0\x9f\x94\xb4\xf0\x9f\x94\xb4'
b'Real Madrid legend sends ominous transfer warning to Man Utd over Paul Pogba\xc2\xa0deal https://t.co/BeJ1LGewkG https://t.co/V5KgUwJvSH'
"b'Transfer news LIVE: Arsenal, Liverpool, Man Utd, Spurs, Real Madrid\n https://t.co/8POeMMsazc'"
"b""Real Madrid assure Man City they're ready to sell Isco #MCFC https://t.co/YE6HGBC5SY"""
"b""Tottenham 'offer Christian Eriksen to Real Madrid' as Daniel Levy looks to cash in on \xc2\xa363m Danish star and provide funds to Mauricio Pochettino https://t.co/GZ2EYLvYBY https://t.co/zFyf3L8Ijp"""
b'Real Madrid lose patience with Bale and threaten him with a year sat in the stands\nhttps://t.co/STdX95kjKb'
"b'New post: Transfer news and football gossip: Zaha Arsenal move latest, Levy contacts Real Madrid over Eriksen, Man https://t.co/zCED6Sfb8Y'"
b'Christian Ronaldo left real Madrid which is really bad https://t.co/2KKthYrxuK'
"b'Pahhh I wouldnt trade anyone for #SadioMane. Not a single player from this #LFC team. Dont see anyone leaving the club, until they wanna do a #Coutinho to themselves. \n#RMFC #RealMadrid #Asensio\n\nhttps://t.co/kiJouqZ5RQ'"
b'Liverpool will be offered Marco Asensio by Real Madrid in swap for Sadio Man\xc3\xa9. (Source: Sunday Express) https://t.co/slqCYZTGoy'
b'Paul Pogba will \xe2\x80\x98beg\xe2\x80\x99 Ole Gunnar Solskjaer to let him join Real\xc2\xa0Madrid https://t.co/TErtmi6rVX https://t.co/FpdgOwedvK'
b'@JakeEntwistle @Squawka How do Mo see Real Madrid chasing all these expensive midfielders when they have Ceballos and James? And who would be nice fits for them and Isco/Bale in the Premier League? \xf0\x9f\x98\xac\xf0\x9f\xa7\x90'
"b'Reports in South America have linked Almiron with Real Madrid, but the playmaker will return to Benton after a break following his contributions in the Copa America. \nhttps://t.co/qsmD3BTZqc'"
b'Daily Post: Liverpool FC news and transfers LIVE - Latest on Bruno Fernandes as Real Madrid offer Marco Asensio and Marko Grujic to depart https://t.co/oFI0matauY #lfc #ynwa https://t.co/t1soRdZjRH'
b'\xf0\x9f\x93\x8c Promes has been sold to real madrid in player plus cash deal involving ziyech + \xc2\xa315 million https://t.co/5ActhiOzr1'
"b'@TeamMilanAC @Sport_Mediaset That\'s shit! We cannot accept a buy-back clause! I hope @acmilan remembers what happened with Deulofeu. Real Madrid want to earn money by using us as ""Castilla"".'"
"b""Don't come out of your houses or otherwise Real Madrid will sign you!! \n\xf0\x9f\x98\x82\xf0\x9f\x98\x82\xf0\x9f\x98\x82\nBe safe. Be aware. \n@realmadrid \n#HalaMadrid"""
"b""Real Madrid assure Man City they're ready to sell Isco #MCFC https://t.co/IAEDSxxX7U"""
b'Lopetegui did a bad job in Real Madrid and now we all hope he does a bad job in Sevilla as well https://t.co/vYw8YYDUKV'
b'Its a joke the eriksen transfer thing. Nobody will pay 50-70 million for a player with one year left on contract..\n\nhttps://t.co/YPNOo5Maia'
"b'Real Madrid to sign ""the new Andres Iniesta""? He has to be seen to be believed!'"
"b'Liverpool transfer news LIVE - Real Madrid offer Marco Asensio, Marko Grujic to depart\xe2\x80\xa6 https://t.co/xikqyGiLvs'"
b'Daily Schmankerl: Bayern Munich to get an assist if Real Madrid lands PSG\xe2\x80\x99s Neymar?; Women\xe2\x80\x99s World Cup coverage as the USWNT downs Sweden; Germany\xe2\x80\x99s U-21 team is rolling; and\xc2\xa0MORE! https://t.co/AtMfJMNE6J https://t.co/kFPeXxfcTK'
